dimension,direction,value,platform,text_example
250,highest,0.26882871985435486,reddit,"Instagram: ""¥$: The Vultures Experience. RUN UP MY POST. @rory_mitch203 None"
250,highest,0.25852668285369873,twitter,@DKlarations @davewolfusa @TheFavoritist @NASASpaceflight @ChrisG_NSF and to the AWESOME editor who pulled the video together!
250,highest,0.25125470757484436,twitter,Looking forward to the match @SUFC_tweets tonight with our guests from #littlehelper
250,lowest,-0.2521737813949585,reddit,"Why are there so many boulders in certain places I don’t understand why some mountains or other hilly areas will have excessive amounts of boulders but others won’t, in some places it seems like it’s an entire hill is made up of boulders. I would love to know why this is"
250,lowest,-0.24215810000896454,hackernews,"The demand side became pretty proficient regarding load shedding as well, making literally millions off of it."
250,lowest,-0.24073563516139984,hackernews,"In the Boston area many of the nearby towns are what I call ""urban suburbs"". Very family friendly, many single- or two-family homes, but also very walkable and many shops throughout the town. I'm talking about towns such as Brookline, Cambridge and Arlington. They are really nice towns to live in and in very high demand."
11,highest,0.2647485136985779,hackernews,"Yep if you want to make it more attractive don't break the browser for anyone trying to read your blog. Page Up/Down did nothing, there was no indication on how to navigate this page. I didn't read it."
11,highest,0.23642905056476593,hackernews,The market for used pre-2010 physical books will be huge. Personally I've stopped buying online books because of this kind of shenanigans and reverting back to having local music and movies for similar reasons. The idea that some remote working technocrats can change words of a book while I'm reading it just creeps me out.
11,highest,0.23488330841064453,hackernews,"If anyone's using Firefox it'll mess with everyone's performance. They're working on it, should be okay in the next month or so."
11,lowest,-0.2404380440711975,reddit,I Made Myself Sound Like A Darkin ( Rhaast's Race ) None
11,lowest,-0.23625098168849945,reddit,(Kik: UsernameDotCom69) Who’s ready to fall in love with a Kpop idol? | catfish None
11,lowest,-0.2326885163784027,reddit,"[EUW] Tier II jungler looking for a team to join My preferred role is jungle, I can still also play toplane and support if need be ( I can be a flexpick) my jungle mains are: Nunu, Skarner, Rammus and Warwick. ​ My summoner name is: Witlof Man ​ I dont flame and Im pretty chill overall"
176,highest,0.3030863404273987,hackernews,"From talking to Anton, it seems like GitHub integration is next up on the TODO list. Any feedback on whether you'd find that useful and how you think it should be done would be really appreciated."
176,highest,0.2703838348388672,twitter,"@ericamou signing copies for subscribers, pre-orders and website orders❤️ https://t.co/oGscNQaUTf"
176,highest,0.2601752281188965,twitter,His Excellency President @CyrilRamaphosa arriving at the Sefako Makgatho Presidential Guesthouse in Tshwane to receive #LettersofCredence from Heads of Mission-Designate #BetterAfricaBetterWorld 🌍 https://t.co/mU83iyzFgv
176,lowest,-0.2507576048374176,reddit,"Question about clear times Hey Hunters! I've noticed that quite a lot of you, when comparing the power of weapons, talk about clear times. Specifically how long it takes you to hunt down and kill/capture a large monster. I've seen a lot of talk saying that ""in order to get comparable clear times...don't use X weapon or use X weapon and armor sets"". I saw earlier about someone in G Rank complaining that they felt their weapon was under powered because they killed at G Rank monster in around 8 mins compared to the 4 mins it takes them with a different weapon. Why are shorter times, to the point of absurdity, the standard? Shouldn't we be more interested in having good hunts and fun fights? Maybe it's because I'm High Rank and I'm still finding new and tougher fights but I just don't see the point that of hunting something and killing it in under the amount of time that it takes to warm up a hot pocket. Just doesn't sound fun to me"
176,lowest,-0.2483295202255249,reddit,"PVP - Is just me or this skills are broken? First of all, i'm a noob in terms on pvp, i'm just starting with it, but i noticed that many of my deaths came always from the same 2 skills: overload light attacks and cristalshards. They are hitting beetwen 10-18k, ranged attacks that can almost one-shoot me (i'm around 20-21k hp) without much i can do dosn't seems like a proper mechanic. I heard that bows don't do that much damage to reward meele combat that is more ""risky"", but with this things one-shooting people at range, that argument don't have too much sense."
176,lowest,-0.23719404637813568,reddit,Can you handle it? None
224,highest,0.21813295781612396,reddit,"HELP: Rega Elicit MK5 + KEF R3 Meta Hello, how are you? I’m looking to buy an integrated amp to be paired with my KEF R3 Meta Speakers. I really like the Rega Elicit MK5, but since the speakers are 4 ohm, I’m weary of the warning that comes in the amp’s user manual: “intended for use with 4-16 ohm speakers. Sustained used into speakers of less than 8 ohm could make the unit run warmer than normal”. Any advice on how this pairing would work in the long run? I never listen for extended periods of time and never blast full volume. Option B for me would be the Yamaha AS-1200 for the KEF. Thanks in advance!"
224,highest,0.20857197046279907,reddit,"Laundry I’m almost out of clean clothes, where/can I do laundry in the dorm? I’m a freshman in Carlyle."
224,highest,0.2073150873184204,twitter,@ohnahji Getting my school outfit ready!
224,lowest,-0.24970591068267822,hackernews,Looks like the objectivists downvoted you. Such is the nature of Hacker News!
224,lowest,-0.23790857195854187,hackernews,">...Heck, most people on Hackers News don’t even have an actual business. >The subject matter of the post drove businesses with real money to our site. ...from Hacker News? Anyone else find this rather contradictory?"
224,lowest,-0.23047101497650146,hackernews,"It's a classic example of someone who hasn't had to deal with ""hard"" statistics thinking that just drawing a trendline (and dismissing biases out-of-hand) is all that statistics is. The author is right that Chrome has a massive share, but everyone knows that. Any analysis more specific than that requires more than just overplotting exponentials on a graph."
223,highest,1.8146818937093838e-32,hackernews,wow cool!!!!!!!!!!!!!!!!!!!!!!! :0
223,highest,1.4834882705435244e-32,reddit,"Economic Political Compass So I've seen a bunch of posts on this sub quibbling about definitions so I thought I might try my hand at a solution: Using an Economic Compass that deals with who owns the economy or the means of production\*. The format for this compass only works on PC. Sorry. (Clarification and examples at the bottom) ........................**Authoritarian**........................ ...................................||................................... ...................................||................................... **Planned\_\_\_\_\_\_\_\_\_\_\_\_\_||\_\_\_\_\_\_\_\_\_\_\_\_\_\_\_Market** ...................................||.................................. ...................................||.................................. ..........................**Democratic**.......................... \*These definitions can be separate from the government organization in market economies. **My opinion, and therefore fact for what falls in each zone:** Authoritarian/Market: United States, Russia Pre-Ukraine invasion. This is Traditional Capitalism, where companies sell and buy resources and are either controlled by a boss, board, or non-employee stockholders. Authoritarian/Planned: Soviet Union, Pre-Colombian Inca, Maoist China. Sometimes called democratic centralism, this economic structure seeing an autocrat or an unelected party control the means of production according to multiyear plans. Democratic/Planned: UK's NHS, Cuba. These examples are a bit of stretch, as there aren't really many good examples a purely planned economy coexisting with a democratic government. Cuba is probably the best example of this model as most of its industries are nationalized and there is democratic involvement in the government (although there are limits on press & political freedom). Democratic/Market: Worker Coops, Tito's Yugoslavia, Hunter Gatherer Societies. This organizational structure sees workers in control of their means of production to buy and sell what they produce. This can exist through democratic control of businesses or individual production. Sorry for the horrible quality of the compass, this sub won't let me post pictures and it formats wrong with spaces, if anyone can post it more competently please do it."
223,highest,1.092256934624989e-32,twitter,wow!!!!!!!!!!!!!!!!!!!!!!!!!!!!!!!!!!!
223,lowest,-3.7968308839822525e-32,twitter,@RHGSIG @karina_filusch @computerspinnt @ICS_AG @netalexx @dani_stoffers @SuVuK @der_fisch001 @SteveJRitter @linuxkumpel @ASYSinghuber @Cultcoders @guidodeckstein @ArneBrandneu @aixzellent Die gibt es bestimmt in der nächsten Ausgabe des @informatikradar Magazins 😎
223,lowest,-3.6364434960201826e-32,twitter,@Mieke35735862 @MriaHajzer @lizBeth_Hineni @Gianlui91580067 @Tzipor336 @Ruthtgn69 @TruthWins4ever @LehiRed @james_anderssen @esp_anet @cemoimonica @zeque66 @NYCREMilton @shlomomeirisra3 @YaelSed1 @Helenhun20 @JankeHansenM @AlanZionist @reilluminati @LaurentTS56 @Esther28007 @Nelby37482058 @adelioalves3 @olgatorres540 @Wp7xtPXs0EaLPTn @Smalou1 @EvaDuranRamos @HeatherPlonski1 @coinabs @LenGrunstein @DSDloveyou Trust and stay positive Dear Mieke⚘️ Know that All things are possible when you believe 🌴💚 what your think in your mind tells you what will come. G'D's Shalom🕊 be with you 🙏☘️💛🕊 https://t.co/fmsG11kkQu
223,lowest,-3.4256611958704226e-32,twitter,@AndiFrankfurt @wfritz56 @PStter @mabagus @Don_Slivovic @alex13wetter @C7_black @Nic2012 @TscheijPieh @DerVatta_ @EintrachtEmma @RealdealOk @whatsnexteu @23oliver01 @AsiFinanz Traust du dich nicht
