platform,rank,feature,weight
hackernews,1,com,5.801167424331273
hackernews,2,org,4.760559703586877
hackernews,3,article,3.214320335316971
hackernews,4,hn,3.1129261269286213
hackernews,5,www,2.9623132770109546
hackernews,6,probably,2.8027421950769384
hackernews,7,github,2.788734971664383
hackernews,8,point,2.761451402256507
hackernews,9,people,2.7596922874434804
hackernews,10,google,2.6113580809182473
hackernews,11,doesn,2.5235455287816215
hackernews,12,yes,2.4075718489510374
hackernews,13,interesting,2.3536116050992724
hackernews,14,yeah,2.3489040297544492
hackernews,15,isn,2.344043634163183
reddit,1,telegram,3.0141490260862143
reddit,2,looking,2.9046515422401127
reddit,3,help,2.5687279940249668
reddit,4,overview,2.475501073806503
reddit,5,guys,2.290457550522814
reddit,6,num_words,2.2496905939405663
reddit,7,girl,2.189551126539072
reddit,8,poll,2.0449819050226967
reddit,9,reddit,2.039500527036692
reddit,10,dm,2.032964244299401
reddit,11,wondering,2.003841495745032
reddit,12,wanna,1.8764390327922293
reddit,13,sub,1.8762732475387012
reddit,14,reddit com,1.8534237506343907
reddit,15,cum,1.8438359012386938
twitter,1,https,14.1578661337609
twitter,2,http,6.082245756599766
twitter,3,num_mentions,2.7653956266361215
twitter,4,la,2.2715735149493175
twitter,5,00,2.1430785900455116
twitter,6,que,1.9768677389648932
twitter,7,el,1.5265861684924704
twitter,8,today,1.3497217711211245
twitter,9,week,1.2728761607316224
twitter,10,le,1.2212375698644418
twitter,11,tonight,1.1780607608858438
twitter,12,في,1.171919033158613
twitter,13,les,1.168811838927642
twitter,14,おはようございます,1.1608346742030191
twitter,15,et,1.1420386315496118
